,year_film,year_ceremony,ceremony,category,name,film,winner,Number of wins
5,1927,1928,1,ART DIRECTION,Rochus Gliese,Sunrise,False,3
63,1929,1930,3,CINEMATOGRAPHY,(Arthur Edeson),All Quiet on the Western Front,False,2
105,1931,1932,5,ACTRESS,Marie Dressler,Emma,False,0
144,1932,1933,6,DIRECTING,George Cukor,Little Women,False,1
165,1934,1935,7,ACTOR,Clark Gable,It Happened One Night,True,5
167,1934,1935,7,ACTOR,William Powell,The Thin Man,False,0
177,1934,1935,7,DIRECTING,W. S. Van Dyke,The Thin Man,False,0
187,1934,1935,7,OUTSTANDING PRODUCTION,Metro-Goldwyn-Mayer,The Thin Man,False,0
194,1934,1935,7,SHORT SUBJECT (Comedy),"Jules White, Producer",Men in Black,False,0
199,1934,1935,7,WRITING (Adaptation),"Frances Goodrich, Albert Hackett",The Thin Man,False,0
369,1937,1938,10,MUSIC (Scoring),"Walt Disney Studio Music Department, Leigh Harline, head of department  (Score by Frank Churchill, Leigh Harline and Paul J. Smith)",Snow White and the Seven Dwarfs,False,0
411,1938,1939,11,ART DIRECTION,Carl J. Weyl,The Adventures of Robin Hood,True,3
484,1939,1940,12,ACTOR,Clark Gable,Gone with the Wind,False,8
487,1939,1940,12,ACTOR,James Stewart,Mr. Smith Goes to Washington,False,1
490,1939,1940,12,ACTOR IN A SUPPORTING ROLE,Thomas Mitchell,Stagecoach,True,2
503,1939,1940,12,ART DIRECTION,"Cedric Gibbons, William A. Horning",The Wizard of Oz,False,2
527,1939,1940,12,MUSIC (Scoring),Alfred Newman,The Hunchback of Notre Dame,False,0
562,1940,1941,13,ACTOR,Charles Chaplin,The Great Dictator,False,0
563,1940,1941,13,ACTOR,Henry Fonda,The Grapes of Wrath,False,2
565,1940,1941,13,ACTOR,Laurence Olivier,Rebecca,False,2
566,1940,1941,13,ACTOR,James Stewart,The Philadelphia Story,True,2
570,1940,1941,13,ACTOR IN A SUPPORTING ROLE,Jack Oakie,The Great Dictator,False,0
610,1940,1941,13,MUSIC (Original Score),Meredith Willson,The Great Dictator,False,0
639,1940,1941,13,OUTSTANDING PRODUCTION,Charles Chaplin Productions,The Great Dictator,False,0
668,1940,1941,13,WRITING (Original Screenplay),Charles Chaplin,The Great Dictator,False,0
678,1941,1942,14,ACTOR,Orson Welles,Citizen Kane,False,1
681,1941,1942,14,ACTOR IN A SUPPORTING ROLE,Sydney Greenstreet,The Maltese Falcon,False,0
760,1941,1942,14,OUTSTANDING MOTION PICTURE,Warner Bros.,The Maltese Falcon,False,0
802,1941,1942,14,WRITING (Screenplay),John Huston,The Maltese Falcon,False,0
875,1942,1943,15,MUSIC (Music Score of a Dramatic or Comedy Picture),Max Terr,The Gold Rush,False,0
885,1942,1943,15,MUSIC (Music Score of a Dramatic or Comedy Picture),Werner Heymann,To Be or Not to Be,False,0
934,1943,1944,16,ACTOR,Humphrey Bogart,Casablanca,False,3
1029,1943,1944,16,OUTSTANDING MOTION PICTURE,20th Century-Fox,The Ox-Bow Incident,False,0
1052,1943,1944,16,WRITING (Original Motion Picture Story),Gordon McDonell,Shadow of a Doubt,False,0
1064,1944,1945,17,ACTOR IN A SUPPORTING ROLE,Clifton Webb,Laura,False,1
1068,1944,1945,17,ACTRESS,Barbara Stanwyck,Double Indemnity,False,0
1083,1944,1945,17,CINEMATOGRAPHY (Black-and-White),John Seitz,Double Indemnity,False,0
1093,1944,1945,17,DIRECTING,Billy Wilder,Double Indemnity,False,0
1106,1944,1945,17,MUSIC (Music Score of a Dramatic or Comedy Picture),Miklos Rozsa,Double Indemnity,False,0
1118,1944,1945,17,MUSIC (Scoring of a Musical Picture),Walter Scharf,Brazil,False,0
1136,1944,1945,17,MUSIC (Song),Music by Ary Barroso; Lyrics by Ned Washington,Brazil,False,0
1141,1944,1945,17,BEST MOTION PICTURE,Paramount,Double Indemnity,False,0
1169,1944,1945,17,WRITING (Screenplay),"Billy Wilder, Raymond Chandler",Double Indemnity,False,0
1173,1945,1946,18,ACTOR,Ray Milland,The Lost Weekend,True,4
1283,1946,1947,19,ACTOR,Fredric March,The Best Years of Our Lives,True,7
1284,1946,1947,19,ACTOR,Laurence Olivier,Henry V,False,0
1287,1946,1947,19,ACTOR,James Stewart,It's a Wonderful Life,False,0
1289,1946,1947,19,ACTOR IN A SUPPORTING ROLE,Claude Rains,Notorious,False,0
1292,1946,1947,19,ACTRESS,Celia Johnson,Brief Encounter,False,0
1301,1946,1947,19,ART DIRECTION (Color),"Art Direction:  Paul Sheriff, Carmen Dillon",Henry V,False,0
1303,1946,1947,19,DIRECTING,David Lean,Brief Encounter,False,0
1304,1946,1947,19,DIRECTING,Frank Capra,It's a Wonderful Life,False,0
1311,1946,1947,19,FILM EDITING,William Hornbeck,It's a Wonderful Life,False,0
1313,1946,1947,19,MUSIC (Music Score of a Dramatic or Comedy Picture),William Walton,Henry V,False,0
1324,1946,1947,19,BEST MOTION PICTURE,J. Arthur Rank-Two Cities Films,Henry V,False,0
1325,1946,1947,19,BEST MOTION PICTURE,Liberty Films,It's a Wonderful Life,False,0
1347,1946,1947,19,WRITING (Original Screenplay),Jacques Prevert,Children of Paradise,False,0
1348,1946,1947,19,WRITING (Original Screenplay),Ben Hecht,Notorious,False,0
1351,1946,1947,19,WRITING (Screenplay),"David Lean, Anthony Havelock-Allan, Ronald Neame",Brief Encounter,False,0
1371,1947,1948,20,ART DIRECTION (Black-and-White),Art Direction:  John Bryan;  Set Decoration:  Wilfred Shingleton,Great Expectations,True,2
1429,1948,1949,21,ACTOR,Laurence Olivier,Hamlet,True,4
1433,1948,1949,21,ACTOR IN A SUPPORTING ROLE,Walter Huston,The Treasure of the Sierra Madre,True,3
1441,1948,1949,21,ART DIRECTION (Color),Art Direction:  Hein Heckroth;  Set Decoration:  Arthur Lawson,The Red Shoes,True,2
1457,1948,1949,21,FILM EDITING,Christian Nyby,Red River,False,0
1487,1948,1949,21,WRITING (Motion Picture Story),Borden Chase,Red River,False,0
1509,1949,1950,22,ART DIRECTION (Color),"Art Direction:  Cedric Gibbons, Paul Groesse;  Set Decoration:  Edwin B. Willis, Jack D. Moore",Little Women,True,1
1559,1949,1950,22,WRITING (Motion Picture Story),Virginia Kellogg,White Heat,False,0
1568,1950,1951,23,ACTOR,José Ferrer,Cyrano de Bergerac,True,1
1569,1950,1951,23,ACTOR,William Holden,Sunset Blvd.,False,3
1570,1950,1951,23,ACTOR,James Stewart,Harvey,False,1
1585,1950,1951,23,CINEMATOGRAPHY (Black-and-White),Robert Krasker,The Third Man,True,1
1632,1951,1952,24,ACTOR,Humphrey Bogart,The African Queen,True,1
1633,1951,1952,24,ACTOR,Marlon Brando,A Streetcar Named Desire,False,4
1658,1951,1952,24,CINEMATOGRAPHY (Black-and-White),Robert Burks,Strangers on a Train,False,0
1714,1952,1953,25,ACTOR,Gary Cooper,High Noon,True,4
1720,1952,1953,25,ACTOR IN A SUPPORTING ROLE,Victor McLaglen,The Quiet Man,False,2
1727,1952,1953,25,ACTRESS IN A SUPPORTING ROLE,Jean Hagen,Singin' in the Rain,False,0
1730,1952,1953,25,ART DIRECTION (Black-and-White),Art Direction:  Matsuyama;  Set Decoration:  H. Motsumoto,Rashomon,False,0
1764,1952,1953,25,MUSIC (Scoring of a Musical Picture),Lennie Hayton,Singin' in the Rain,False,0
1796,1953,1954,26,ACTOR,Montgomery Clift,From Here to Eternity,False,7
1797,1953,1954,26,ACTOR,William Holden,Stalag 17,True,1
1798,1953,1954,26,ACTOR IN A SUPPORTING ROLE,Eddie Albert,Roman Holiday,False,3
1809,1953,1954,26,ART DIRECTION (Black-and-White),"Art Direction:  Lyle Wheeler, Maurice Ransford;  Set Decoration:  Stuart Reiss",Titanic,False,1
1869,1954,1955,27,ACTOR,Humphrey Bogart,The Caine Mutiny,False,0
1870,1954,1955,27,ACTOR,Marlon Brando,On the Waterfront,True,8
1875,1954,1955,27,ACTOR IN A SUPPORTING ROLE,Tom Tully,The Caine Mutiny,False,0
1878,1954,1955,27,ACTRESS,Audrey Hepburn,Sabrina,False,1
1893,1954,1955,27,CINEMATOGRAPHY (Color),Robert Burks,Rear Window,False,0
1906,1954,1955,27,DIRECTING,Alfred Hitchcock,Rear Window,False,0
1912,1954,1955,27,FILM EDITING,"William A. Lyon, Henry Batista",The Caine Mutiny,False,0
1913,1954,1955,27,MUSIC (Music Score of a Dramatic or Comedy Picture),Max Steiner,The Caine Mutiny,False,0
1923,1954,1955,27,BEST MOTION PICTURE,"Stanley Kramer, Producer",The Caine Mutiny,False,0
1942,1954,1955,27,WRITING (Screenplay),Stanley Roberts,The Caine Mutiny,False,0
1943,1954,1955,27,WRITING (Screenplay),John Michael Hayes,Rear Window,False,0
2036,1956,1957,29,ART DIRECTION (Black-and-White),Takashi Matsuyama,The Magnificent Seven,False,0
2042,1956,1957,29,ART DIRECTION (Color),"Art Direction:  Hal Pereira, Walter H. Tyler, Albert Nozaki;  Set Decoration:  Samuel M. Comer, Ray Moyer",The Ten Commandments,False,1
2049,1956,1957,29,COSTUME DESIGN (Black-and-White),Kohei Ezaki,The Magnificent Seven,False,0
2068,1956,1957,29,FOREIGN LANGUAGE FILM,"Italy; Dino De Laurentiis and Carlo Ponti, Producers",La Strada,True,1
2091,1956,1957,29,SPECIAL EFFECTS,"A. Arnold Gillespie, Irving Ries, Wesley C. Miller",Forbidden Planet,False,0
2095,1956,1957,29,WRITING (Motion Picture Story),Cesare Zavattini,Umberto D.,False,0
2104,1957,1958,30,ACTOR,Alec Guinness,The Bridge on the River Kwai,True,7
2105,1957,1958,30,ACTOR,Charles Laughton,Witness for the Prosecution,False,0
2116,1957,1958,30,ACTRESS IN A SUPPORTING ROLE,Elsa Lanchester,Witness for the Prosecution,False,0
2131,1957,1958,30,DIRECTING,Sidney Lumet,12 Angry Men,False,0
2132,1957,1958,30,DIRECTING,Billy Wilder,Witness for the Prosecution,False,0
2138,1957,1958,30,FILM EDITING,Daniel Mandell,Witness for the Prosecution,False,0
2154,1957,1958,30,BEST MOTION PICTURE,"Henry Fonda and Reginald Rose, Producers",12 Angry Men,False,0
2155,1957,1958,30,BEST MOTION PICTURE,"Arthur Hornblow, Jr., Producer",Witness for the Prosecution,False,0
2170,1957,1958,30,WRITING (Screenplay--based on material from another medium),Reginald Rose,12 Angry Men,False,0
2195,1958,1959,31,ART DIRECTION,"Art Direction:  Hal Pereira, Henry Bumstead;  Set Decoration:  Sam Comer, Frank McKelvy",Vertigo,False,0
2242,1958,1959,31,SOUND,"Paramount Studio Sound Department, George Dutton, Sound Director",Vertigo,False,0
2253,1959,1960,32,ACTOR,Charlton Heston,Ben-Hur,True,11
2254,1959,1960,32,ACTOR,Jack Lemmon,Some Like It Hot,False,1
2256,1959,1960,32,ACTOR,James Stewart,Anatomy of a Murder,False,0
2257,1959,1960,32,ACTOR IN A SUPPORTING ROLE,Arthur O'Connell,Anatomy of a Murder,False,0
2258,1959,1960,32,ACTOR IN A SUPPORTING ROLE,George C. Scott,Anatomy of a Murder,False,0
2272,1959,1960,32,ART DIRECTION (Color),"Art Direction:  William A. Horning, Robert Boyle, Merrill Pye;  Set Decoration:  Henry Grace, Frank McKelvy",North by Northwest,False,0
2273,1959,1960,32,CINEMATOGRAPHY (Black-and-White),Sam Leavitt,Anatomy of a Murder,False,0
2292,1959,1960,32,FILM EDITING,Louis R. Loeffler,Anatomy of a Murder,False,0
2293,1959,1960,32,FILM EDITING,George Tomasini,North by Northwest,False,0
2312,1959,1960,32,BEST MOTION PICTURE,"Otto Preminger, Producer",Anatomy of a Murder,False,0
2327,1959,1960,32,WRITING (Screenplay--based on material from another medium),Wendell Mayes,Anatomy of a Murder,False,0
2329,1959,1960,32,WRITING (Story and Screenplay--written directly for the screen),"Francois Truffaut, Marcel Moussy",The 400 Blows,False,0
2330,1959,1960,32,WRITING (Story and Screenplay--written directly for the screen),Ernest Lehman,North by Northwest,False,0
2332,1959,1960,32,WRITING (Story and Screenplay--written directly for the screen),Ingmar Bergman,Wild Strawberries,False,0
2335,1960,1961,33,ACTOR,Jack Lemmon,The Apartment,False,5
2337,1960,1961,33,ACTOR,Spencer Tracy,Inherit the Wind,False,0
2340,1960,1961,33,ACTOR IN A SUPPORTING ROLE,Peter Ustinov,Spartacus,True,4
2348,1960,1961,33,ACTRESS IN A SUPPORTING ROLE,Janet Leigh,Psycho,False,0
2350,1960,1961,33,ART DIRECTION (Black-and-White),"Art Direction:  Joseph Hurley, Robert Clatworthy;  Set Decoration:  George Milo",Psycho,False,0
2356,1960,1961,33,CINEMATOGRAPHY (Black-and-White),Ernest Laszlo,Inherit the Wind,False,0
2357,1960,1961,33,CINEMATOGRAPHY (Black-and-White),John L. Russell,Psycho,False,0
2366,1960,1961,33,DIRECTING,Alfred Hitchcock,Psycho,False,0
2375,1960,1961,33,FILM EDITING,Frederic Knudtson,Inherit the Wind,False,0
2381,1960,1961,33,MUSIC (Music Score of a Dramatic or Comedy Picture),Elmer Bernstein,The Magnificent Seven,False,0
2404,1960,1961,33,WRITING (Screenplay--based on material from another medium),"Nedrick Young, Harold Jacob Smith",Inherit the Wind,False,0
2410,1961,1962,34,ACTOR,Paul Newman,The Hustler,False,2
2411,1961,1962,34,ACTOR,Maximilian Schell,Judgment at Nuremberg,True,2
2413,1961,1962,34,ACTOR IN A SUPPORTING ROLE,George Chakiris,West Side Story,True,10
2415,1961,1962,34,ACTRESS,Audrey Hepburn,Breakfast at Tiffany's,False,2
2424,1961,1962,34,ART DIRECTION (Black-and-White),Piero Gherardi,La Dolce Vita,False,1
2437,1961,1962,34,COSTUME DESIGN (Black-and-White),Yoshiro Muraki,Yojimbo,False,0
2489,1962,1963,35,ACTOR,Peter O'Toole,Lawrence of Arabia,False,7
2490,1962,1963,35,ACTOR,Gregory Peck,To Kill a Mockingbird,True,3
2497,1962,1963,35,ACTRESS IN A SUPPORTING ROLE,Angela Lansbury,The Manchurian Candidate,False,0
2511,1962,1963,35,COSTUME DESIGN (Black-and-White),Edith Head,The Man Who Shot Liberty Valance,False,0
2522,1962,1963,35,FILM EDITING,Ferris Webster,The Manchurian Candidate,False,0
2602,1963,1964,36,FILM EDITING,Ferris Webster,The Great Escape,False,0
2613,1963,1964,36,MUSIC (Song),Music by Henry Mancini; Lyrics by Johnny Mercer,Charade,False,0
2629,1963,1964,36,SPECIAL EFFECTS,Ub Iwerks,The Birds,False,0
2635,1964,1965,37,ACTOR,Rex Harrison,My Fair Lady,True,8
2637,1964,1965,37,ACTOR,Peter Sellers,Dr. Strangelove or: How I Learned to Stop Worrying and Love the Bomb,False,0
2641,1964,1965,37,ACTRESS,Julie Andrews,Mary Poppins,True,5
2665,1964,1965,37,DIRECTING,Stanley Kubrick,Dr. Strangelove or: How I Learned to Stop Worrying and Love the Bomb,False,0
2693,1964,1965,37,BEST PICTURE,"Stanley Kubrick, Producer",Dr. Strangelove or: How I Learned to Stop Worrying and Love the Bomb,False,0
2702,1964,1965,37,SOUND EFFECTS,Norman Wanstall,Goldfinger,True,1
2705,1964,1965,37,WRITING (Screenplay--based on material from another medium),"Stanley Kubrick, Peter George, Terry Southern",Dr. Strangelove or: How I Learned to Stop Worrying and Love the Bomb,False,0
2717,1965,1966,38,ACTOR IN A SUPPORTING ROLE,Tom Courtenay,Doctor Zhivago,False,5
2719,1965,1966,38,ACTRESS,Julie Andrews,The Sound of Music,False,5
2789,1966,1967,39,ACTOR,Richard Burton,Who's Afraid of Virginia Woolf?,False,5
2792,1966,1967,39,ACTOR,Paul Scofield,A Man for All Seasons,True,6
2840,1966,1967,39,FOREIGN LANGUAGE FILM,Italy,The Battle of Algiers,False,0
2876,1967,1968,40,ACTOR,Warren Beatty,Bonnie and Clyde,False,2
2877,1967,1968,40,ACTOR,Dustin Hoffman,The Graduate,False,1
2878,1967,1968,40,ACTOR,Paul Newman,Cool Hand Luke,False,1
2879,1967,1968,40,ACTOR,Rod Steiger,In the Heat of the Night,True,5
2889,1967,1968,40,CINEMATOGRAPHY,Conrad Hall,In Cold Blood,False,0
2892,1967,1968,40,DIRECTING,Richard Brooks,In Cold Blood,False,0
2910,1967,1968,40,MUSIC (Original Music Score),Quincy Jones,In Cold Blood,False,0
2912,1967,1968,40,MUSIC (Song),Music and Lyrics by Terry Gilkyson,The Jungle Book,False,0
2914,1967,1968,40,MUSIC (Song),Music by Burt Bacharach; Lyrics by Hal David,Casino Royale,False,0
2922,1967,1968,40,WRITING (Screenplay--based on material from another medium),Richard Brooks,In Cold Blood,False,0
2930,1968,1969,41,ACTOR,Peter O'Toole,The Lion in Winter,False,3
2935,1968,1969,41,ACTOR IN A SUPPORTING ROLE,Gene Wilder,The Producers,False,1
2940,1968,1969,41,ACTRESS IN A SUPPORTING ROLE,Ruth Gordon,Rosemary's Baby,True,1
2945,1968,1969,41,ART DIRECTION,"Art Direction:  Tony Masters, Harry Lange, Ernie Archer",2001: A Space Odyssey,False,1
2950,1968,1969,41,COSTUME DESIGN,Morton Haack,Planet of the Apes,False,0
2952,1968,1969,41,DIRECTING,Gillo Pontecorvo,The Battle of Algiers,False,0
2971,1968,1969,41,MUSIC (Original Score--for a motion picture [not a musical]),Jerry Goldsmith,Planet of the Apes,False,0
2994,1968,1969,41,WRITING (Story and Screenplay--written directly for the screen),"Franco Solinas, Gillo Pontecorvo",The Battle of Algiers,False,0
2998,1969,1970,42,ACTOR,Dustin Hoffman,Midnight Cowboy,False,3
3000,1969,1970,42,ACTOR,John Wayne,True Grit,True,1
3015,1969,1970,42,CINEMATOGRAPHY,Conrad Hall,Butch Cassidy and the Sundance Kid,True,4
3020,1969,1970,42,DIRECTING,Costa-Gavras,Z,False,2
3038,1969,1970,42,MUSIC (Original Score--for a motion picture [not a musical]),Jerry Fielding,The Wild Bunch,False,0
3055,1969,1970,42,WRITING (Story and Screenplay--based on material not previously published or produced),"Story by Walon Green, Roy N. Sickner;  Screenplay by Walon Green, Sam Peckinpah",The Wild Bunch,False,0
3060,1970,1971,43,ACTOR,George C. Scott,Patton,True,7
3062,1970,1971,43,ACTOR IN A SUPPORTING ROLE,Chief Dan George,Little Big Man,False,0
3117,1971,1972,44,ACTOR,Gene Hackman,The French Connection,True,5
3138,1971,1972,44,DIRECTING,Stanley Kubrick,A Clockwork Orange,False,0
3151,1971,1972,44,FILM EDITING,Bill Butler,A Clockwork Orange,False,0
3167,1971,1972,44,BEST PICTURE,"Stanley Kubrick, Producer",A Clockwork Orange,False,0
3177,1971,1972,44,WRITING (Screenplay--based on material from another medium),Stanley Kubrick,A Clockwork Orange,False,0
3181,1972,1973,45,ACTOR,Marlon Brando,The Godfather,True,3
3182,1972,1973,45,ACTOR,Michael Caine,Sleuth,False,0
3183,1972,1973,45,ACTOR,Laurence Olivier,Sleuth,False,0
3187,1972,1973,45,ACTOR IN A SUPPORTING ROLE,Joel Grey,Cabaret,True,8
3202,1972,1973,45,DIRECTING,John Boorman,Deliverance,False,0
3204,1972,1973,45,DIRECTING,Joseph L. Mankiewicz,Sleuth,False,0
3215,1972,1973,45,FILM EDITING,Tom Priestley,Deliverance,False,0
3225,1972,1973,45,MUSIC (Original Dramatic Score),John Addison,Sleuth,False,0
3232,1972,1973,45,BEST PICTURE,"John Boorman, Producer",Deliverance,False,0
3235,1972,1973,45,SHORT SUBJECT (Animated),"Richard Williams, Producer",A Christmas Carol,True,1
3252,1973,1974,46,ACTOR,Robert Redford,The Sting,False,7
3255,1973,1974,46,ACTOR IN A SUPPORTING ROLE,Jason Miller,The Exorcist,False,2
3261,1973,1974,46,ACTRESS IN A SUPPORTING ROLE,Candy Clark,American Graffiti,False,0
3262,1973,1974,46,ACTRESS IN A SUPPORTING ROLE,Madeline Kahn,Paper Moon,False,1
3270,1973,1974,46,DIRECTING,George Lucas,American Graffiti,False,0
3282,1973,1974,46,FILM EDITING,"Verna Fields, Marcia Lucas",American Graffiti,False,0
3292,1973,1974,46,MUSIC (Original Dramatic Score),Jerry Goldsmith,Papillon,False,0
3298,1973,1974,46,BEST PICTURE,"Francis Ford Coppola, Producer;  Gary Kurtz, Co-Producer",American Graffiti,False,0
3308,1973,1974,46,WRITING (Story and Screenplay--based on factual material or material not previously published or produced),"George Lucas, Gloria Katz, Willard Huyck",American Graffiti,False,0
3312,1974,1975,47,ACTOR,Jack Nicholson,Chinatown,False,1
3321,1974,1975,47,ACTRESS IN A SUPPORTING ROLE,Madeline Kahn,Blazing Saddles,False,0
3340,1974,1975,47,FILM EDITING,"John C. Howard, Danford Greene",Blazing Saddles,False,0
3342,1974,1975,47,FOREIGN LANGUAGE FILM,Italy,Amarcord,True,1
3351,1974,1975,47,MUSIC (Song),Music by John Morris; Lyrics by Mel Brooks,Blazing Saddles,False,0
3354,1974,1975,47,BEST PICTURE,"Francis Ford Coppola, Producer;  Fred Roos, Co-Producer",The Conversation,False,0
3366,1974,1975,47,SOUND,"Walter Murch, Arthur Rochester",The Conversation,False,0
3367,1974,1975,47,SOUND,"Richard Portman, Gene Cantamessa",Young Frankenstein,False,0
3368,1974,1975,47,WRITING (Original Screenplay),Francis Ford Coppola,The Conversation,False,0
3372,1974,1975,47,WRITING (Screenplay Adapted from Other Material),"Gene Wilder, Mel Brooks",Young Frankenstein,False,0
3375,1975,1976,48,ACTOR,Al Pacino,Dog Day Afternoon,False,1
3387,1975,1976,48,ART DIRECTION,"Art Direction:  Ken Adam, Roy Walker;  Set Decoration:  Vernon Dixon",Barry Lyndon,True,4
3389,1975,1976,48,ART DIRECTION,"Art Direction:  Alexander Trauner, Tony Inglis;  Set Decoration:  Peter James",The Man Who Would Be King,False,0
3395,1975,1976,48,COSTUME DESIGN,Edith Head,The Man Who Would Be King,False,0
3396,1975,1976,48,DIRECTING,Federico Fellini,Amarcord,False,0
3407,1975,1976,48,FILM EDITING,Verna Fields,Jaws,True,3
3408,1975,1976,48,FILM EDITING,Russell Lloyd,The Man Who Would Be King,False,0
3410,1975,1976,48,FOREIGN LANGUAGE FILM,Union of Soviet Socialist Republics,Dersu Uzala,True,1
3436,1975,1976,48,WRITING (Original Screenplay),"Federico Fellini, Tonino Guerra",Amarcord,False,0
3439,1975,1976,48,WRITING (Screenplay Adapted from Other Material),"John Huston, Gladys Hill",The Man Who Would Be King,False,0
3441,1976,1977,49,ACTOR IN A LEADING ROLE,Robert De Niro,Taxi Driver,False,0
3442,1976,1977,49,ACTOR IN A LEADING ROLE,Peter Finch,Network,True,4
3444,1976,1977,49,ACTOR IN A LEADING ROLE,Sylvester Stallone,Rocky,False,3
3446,1976,1977,49,ACTOR IN A SUPPORTING ROLE,Jason Robards,All the President's Men,True,4
3450,1976,1977,49,ACTRESS IN A SUPPORTING ROLE,Jodie Foster,Taxi Driver,False,0
3458,1976,1977,49,CINEMATOGRAPHY,Richard H. Kline,King Kong,False,1
3485,1976,1977,49,MUSIC (Original Score),Bernard Herrmann,Taxi Driver,False,0
3490,1976,1977,49,BEST PICTURE,"Michael Phillips and Julia Phillips, Producers",Taxi Driver,False,0
3505,1977,1978,50,ACTOR IN A LEADING ROLE,Woody Allen,Annie Hall,False,4
3517,1977,1978,50,ACTRESS IN A SUPPORTING ROLE,Melinda Dillon,Close Encounters of the Third Kind,False,2
3576,1978,1979,51,ACTOR IN A LEADING ROLE,Robert De Niro,The Deer Hunter,False,5
3581,1978,1979,51,ACTRESS IN A LEADING ROLE,Ingrid Bergman,Autumn Sonata,False,0
3634,1978,1979,51,WRITING (Screenplay Written Directly for the Screen),Ingmar Bergman,Autumn Sonata,False,0
3641,1979,1980,52,ACTOR IN A LEADING ROLE,Peter Sellers,Being There,False,1
3642,1979,1980,52,ACTOR IN A SUPPORTING ROLE,Robert Duvall,Apocalypse Now,False,2
3652,1979,1980,52,ACTRESS IN A SUPPORTING ROLE,Mariel Hemingway,Manhattan,False,0
3653,1979,1980,52,ART DIRECTION,"Art Direction:  Michael Seymour, Les Dilley, Roger Christian;  Set Decoration:  Ian Whittaker",Alien,False,1
3708,1979,1980,52,WRITING (Screenplay Written Directly for the Screen),"Woody Allen, Marshall Brickman",Manhattan,False,0
3709,1980,1981,53,ACTOR IN A LEADING ROLE,Robert De Niro,Raging Bull,True,2
3711,1980,1981,53,ACTOR IN A LEADING ROLE,John Hurt,The Elephant Man,False,0
3724,1980,1981,53,ART DIRECTION,"Art Direction:  Stuart Craig, Bob Cartwright;  Set Decoration:  Hugh Scaife",The Elephant Man,False,0
3730,1980,1981,53,COSTUME DESIGN,Patricia Norris,The Elephant Man,False,0
3732,1980,1981,53,COSTUME DESIGN,Jean-Pierre Dorleac,Somewhere in Time,False,0
3734,1980,1981,53,DIRECTING,David Lynch,The Elephant Man,False,0
3747,1980,1981,53,FILM EDITING,Anne V. Coates,The Elephant Man,False,0
3755,1980,1981,53,MUSIC (Original Score),John Morris,The Elephant Man,False,0
3759,1980,1981,53,BEST PICTURE,"Jonathan Sanger, Producer",The Elephant Man,False,0
3768,1980,1981,53,WRITING (Screenplay Based on Material from Another Medium),"Christopher DeVore, Eric Bergren, David Lynch",The Elephant Man,False,0
3838,1982,1983,55,ACTOR IN A LEADING ROLE,Ben Kingsley,Gandhi,True,8
3852,1982,1983,55,ART DIRECTION,"Art Direction:  Lawrence G. Paull, David L. Snyder;  Set Decoration:  Linda DeScenna",Blade Runner,False,0
3854,1982,1983,55,CINEMATOGRAPHY,Jost Vacano,Das Boot,False,0
3858,1982,1983,55,DIRECTING,Wolfgang Petersen,Das Boot,False,0
3870,1982,1983,55,FILM EDITING,Hannes Nikel,Das Boot,False,0
3892,1982,1983,55,SOUND,"Milan Bor, Trevor Pyke, Mike Le-Mare",Das Boot,False,0
3894,1982,1983,55,SOUND EFFECTS EDITING,Mike Le-Mare,Das Boot,False,0
3896,1982,1983,55,VISUAL EFFECTS,"Douglas Trumbull, Richard Yuricich, David Dryer",Blade Runner,False,0
3898,1982,1983,55,WRITING (Screenplay Based on Material from Another Medium),Wolfgang Petersen,Das Boot,False,0
3906,1983,1984,56,ACTOR IN A SUPPORTING ROLE,Charles Durning,To Be or Not to Be,False,0
3908,1983,1984,56,ACTOR IN A SUPPORTING ROLE,Sam Shepard,The Right Stuff,False,4
3966,1984,1985,57,ACTOR IN A LEADING ROLE,F. Murray Abraham,Amadeus,True,8
3969,1984,1985,57,ACTOR IN A LEADING ROLE,Sam Waterston,The Killing Fields,False,3
4019,1984,1985,57,SHORT FILM (Animated),"Jon Minnis, Producer",Charade,True,1
4024,1984,1985,57,SHORT FILM (Live Action),"Mike Hoover, Producer",Up,True,1
4025,1984,1985,57,SOUND,"Bill Varney, Steve Maslow, Kevin O'Connell, Nelson Stoll",Dune,False,0
4035,1985,1986,58,ACTOR IN A LEADING ROLE,Harrison Ford,Witness,False,2
4052,1985,1986,58,ART DIRECTION,Art Direction:  Norman Garwood;  Set Decoration:  Maggie Gray,Brazil,False,0
4054,1985,1986,58,ART DIRECTION,"Art Direction:  Yoshiro Muraki, Shinobu Muraki",Ran,False,1
4083,1985,1986,58,MUSIC (Original Song),Music by Chris Hayes and Johnny Colla; Lyric by Huey Lewis,Back to the Future,False,1
4101,1985,1986,58,WRITING (Screenplay Written Directly for the Screen),"Terry Gilliam, Tom Stoppard, Charles McKeown",Brazil,False,0
4108,1986,1987,59,ACTOR IN A SUPPORTING ROLE,Tom Berenger,Platoon,False,4
4110,1986,1987,59,ACTOR IN A SUPPORTING ROLE,Denholm Elliott,A Room with a View,False,3
4115,1986,1987,59,ACTRESS IN A LEADING ROLE,Sigourney Weaver,Aliens,False,2
4123,1986,1987,59,DIRECTING,David Lynch,Blue Velvet,False,0
4161,1986,1987,59,WRITING (Screenplay Based on Material from Another Medium),"Raynold Gideon, Bruce A. Evans",Stand by Me,False,0
4171,1987,1988,60,ACTOR IN A SUPPORTING ROLE,Sean Connery,The Untouchables,True,1
4185,1987,1988,60,ART DIRECTION,"Art Direction:  Ferdinando Scarfiotti;  Set Decoration:  Bruno Cesari, Osvaldo Desideri",The Last Emperor,True,9
4196,1987,1988,60,DIRECTING,Lasse Hallström,My Life as a Dog,False,0
4225,1987,1988,60,MUSIC (Original Song),Music and Lyric by Willy DeVille,The Princess Bride,False,0
4242,1987,1988,60,WRITING (Screenplay Based on Material from Another Medium),"Stanley Kubrick, Michael Herr, Gustav Hasford",Full Metal Jacket,False,0
4243,1987,1988,60,WRITING (Screenplay Based on Material from Another Medium),"Lasse Hallström, Reidar Jönsson, Brasse Brännström, Per Berglund",My Life as a Dog,False,0
4250,1988,1989,61,ACTOR IN A LEADING ROLE,Dustin Hoffman,Rain Man,True,4
4254,1988,1989,61,ACTOR IN A SUPPORTING ROLE,Kevin Kline,A Fish Called Wanda,True,1
4258,1988,1989,61,ACTRESS IN A LEADING ROLE,Glenn Close,Dangerous Liaisons,False,3
4268,1988,1989,61,CINEMATOGRAPHY,Sven Nykvist,The Unbearable Lightness of Being,False,0
4284,1988,1989,61,FILM EDITING,"Frank J. Urioste, John F. Link",Die Hard,False,0
4304,1988,1989,61,SOUND,"Don Bassman, Kevin F. Cleary, Richard Overton, Al Overton",Die Hard,False,0
4306,1988,1989,61,SOUND EFFECTS EDITING,"Stephen H. Flick, Richard Shorr",Die Hard,False,0
4308,1988,1989,61,VISUAL EFFECTS,"Richard Edlund, Al DiSarro, Brent Boates, Thaine Morris",Die Hard,False,0
4312,1988,1989,61,WRITING (Screenplay Based on Material from Another Medium),"Jean-Claude Carrière, Philip Kaufman",The Unbearable Lightness of Being,False,0
4316,1989,1990,62,ACTOR IN A LEADING ROLE,Kenneth Branagh,Henry V,False,1
4318,1989,1990,62,ACTOR IN A LEADING ROLE,Daniel Day Lewis,My Left Foot,True,2
4320,1989,1990,62,ACTOR IN A LEADING ROLE,Robin Williams,Dead Poets Society,False,1
4323,1989,1990,62,ACTOR IN A SUPPORTING ROLE,Martin Landau,Crimes and Misdemeanors,False,0
4324,1989,1990,62,ACTOR IN A SUPPORTING ROLE,Denzel Washington,Glory,True,3
4341,1989,1990,62,DIRECTING,Woody Allen,Crimes and Misdemeanors,False,0
4353,1989,1990,62,FOREIGN LANGUAGE FILM,Italy,Cinema Paradiso,True,1
4360,1989,1990,62,MUSIC (Original Score),James Horner,Field of Dreams,False,0
4361,1989,1990,62,MUSIC (Original Score),John Williams,Indiana Jones and the Last Crusade,False,1
4366,1989,1990,62,BEST PICTURE,"Lawrence Gordon and Charles Gordon, Producers",Field of Dreams,False,0
4379,1989,1990,62,WRITING (Screenplay Based on Material from Another Medium),Phil Alden Robinson,Field of Dreams,False,0
4380,1989,1990,62,WRITING (Screenplay Written Directly for the Screen),Woody Allen,Crimes and Misdemeanors,False,0
4383,1989,1990,62,WRITING (Screenplay Written Directly for the Screen),Nora Ephron,When Harry Met Sally...,False,0
4385,1990,1991,63,ACTOR IN A LEADING ROLE,Robert De Niro,Awakenings,False,0
4386,1990,1991,63,ACTOR IN A LEADING ROLE,Gerard Depardieu,Cyrano de Bergerac,False,1
4402,1990,1991,63,ART DIRECTION,Art Direction:  Dante Ferretti;  Set Decoration:  Francesca Lo Schiavo,Hamlet,False,0
4407,1990,1991,63,COSTUME DESIGN,Maurizio Millenotti,Hamlet,False,0
4421,1990,1991,63,FILM EDITING,"Dennis Virkler, John Wright",The Hunt for Red October,False,1
4434,1990,1991,63,BEST PICTURE,"Walter F. Parkes and Lawrence Lasker, Producers",Awakenings,False,0
4437,1990,1991,63,SHORT FILM (Animated),Nick Park,A Grand Day Out,False,0
4447,1990,1991,63,WRITING (Screenplay Based on Material from Another Medium),Steven Zaillian,Awakenings,False,0
4455,1991,1992,64,ACTOR IN A LEADING ROLE,Anthony Hopkins,The Silence of the Lambs,True,5
4458,1991,1992,64,ACTOR IN A SUPPORTING ROLE,Tommy Lee Jones,JFK,False,2
4467,1991,1992,64,ACTRESS IN A SUPPORTING ROLE,Jessica Tandy,Fried Green Tomatoes,False,0
4472,1991,1992,64,CINEMATOGRAPHY,Adam Greenberg,Terminator 2: Judgment Day,False,4
4493,1991,1992,64,FOREIGN LANGUAGE FILM,Hong Kong,Raise the Red Lantern,False,0
4496,1991,1992,64,MUSIC (Original Score),Alan Menken,Beauty and the Beast,True,2
4513,1991,1992,64,WRITING (Screenplay Based on Material Previously Produced or Published),"Fannie Flagg, Carol Sobieski",Fried Green Tomatoes,False,0
4518,1992,1993,65,ACTOR IN A LEADING ROLE,Clint Eastwood,Unforgiven,False,4
4522,1992,1993,65,ACTOR IN A SUPPORTING ROLE,Jack Nicholson,A Few Good Men,False,0
4543,1992,1993,65,DIRECTING,Robert Altman,The Player,False,0
4555,1992,1993,65,FILM EDITING,Robert Leighton,A Few Good Men,False,0
4556,1992,1993,65,FILM EDITING,Geraldine Peroni,The Player,False,0
4563,1992,1993,65,MUSIC (Original Score),Alan Menken,Aladdin,True,2
4569,1992,1993,65,BEST PICTURE,"David Brown, Rob Reiner and Andrew Scheinman, Producers",A Few Good Men,False,0
4575,1992,1993,65,SHORT FILM (Live Action),"Jonathan Darby, Jana Sue Memel",Contact,False,0
4580,1992,1993,65,SOUND,"Kevin O'Connell, Rick Kline, Bob Eber",A Few Good Men,False,0
4588,1992,1993,65,WRITING (Screenplay Based on Material Previously Produced or Published),Michael Tolkin,The Player,False,0
4592,1993,1994,66,ACTOR IN A LEADING ROLE,Daniel Day-Lewis,In the Name of the Father,False,0
4595,1993,1994,66,ACTOR IN A LEADING ROLE,Anthony Hopkins,The Remains of the Day,False,0
4596,1993,1994,66,ACTOR IN A LEADING ROLE,Liam Neeson,Schindler's List,False,7
4597,1993,1994,66,ACTOR IN A SUPPORTING ROLE,Leonardo DiCaprio,What's Eating Gilbert Grape,False,0
4598,1993,1994,66,ACTOR IN A SUPPORTING ROLE,Tommy Lee Jones,The Fugitive,True,1
4600,1993,1994,66,ACTOR IN A SUPPORTING ROLE,Pete Postlethwaite,In the Name of the Father,False,0
4604,1993,1994,66,ACTRESS IN A LEADING ROLE,Emma Thompson,The Remains of the Day,False,0
4605,1993,1994,66,ACTRESS IN A LEADING ROLE,Debra Winger,Shadowlands,False,0
4609,1993,1994,66,ACTRESS IN A SUPPORTING ROLE,Emma Thompson,In the Name of the Father,False,0
4612,1993,1994,66,ART DIRECTION,Art Direction:  Luciana Arrighi;  Set Decoration:  Ian Whittaker,The Remains of the Day,False,0
4613,1993,1994,66,CINEMATOGRAPHY,Gu Changwei,Farewell My Concubine,False,0
4614,1993,1994,66,CINEMATOGRAPHY,Conrad L. Hall,Searching for Bobby Fischer,False,0
4616,1993,1994,66,COSTUME DESIGN,"Jenny Beavan, John Bright",The Remains of the Day,False,0
4617,1993,1994,66,DIRECTING,Jim Sheridan,In the Name of the Father,False,0
4618,1993,1994,66,DIRECTING,James Ivory,The Remains of the Day,False,0
4619,1993,1994,66,DIRECTING,Robert Altman,Short Cuts,False,0
4629,1993,1994,66,FILM EDITING,Gerry Hambling,In the Name of the Father,False,0
4631,1993,1994,66,FOREIGN LANGUAGE FILM,Hong Kong,Farewell My Concubine,False,0
4637,1993,1994,66,MUSIC (Original Score),Richard Robbins,The Remains of the Day,False,0
4641,1993,1994,66,BEST PICTURE,"Jim Sheridan, Producer",In the Name of the Father,False,0
4642,1993,1994,66,BEST PICTURE,"Mike Nichols, John Calley and Ismail Merchant, Producers",The Remains of the Day,False,0
4647,1993,1994,66,SHORT FILM (Animated),Nick Park,The Wrong Trousers,True,1
4655,1993,1994,66,SOUND,"Gary Summers, Gary Rydstrom, Shawn Murphy, Ron Judkins",Jurassic Park,True,3
4659,1993,1994,66,WRITING (Screenplay Based on Material Previously Produced or Published),"Terry George, Jim Sheridan",In the Name of the Father,False,0
4660,1993,1994,66,WRITING (Screenplay Based on Material Previously Produced or Published),Ruth Prawer Jhabvala,The Remains of the Day,False,0
4661,1993,1994,66,WRITING (Screenplay Based on Material Previously Produced or Published),William Nicholson,Shadowlands,False,0
4665,1994,1995,67,ACTOR IN A LEADING ROLE,Morgan Freeman,The Shawshank Redemption,False,0
4666,1994,1995,67,ACTOR IN A LEADING ROLE,Tom Hanks,Forrest Gump,True,6
4669,1994,1995,67,ACTOR IN A LEADING ROLE,John Travolta,Pulp Fiction,False,1
4670,1994,1995,67,ACTOR IN A SUPPORTING ROLE,Martin Landau,Ed Wood,True,2
4676,1994,1995,67,ACTRESS IN A LEADING ROLE,Winona Ryder,Little Women,False,0
4682,1994,1995,67,CINEMATOGRAPHY,Roger Deakins,The Shawshank Redemption,False,0
4684,1994,1995,67,COSTUME DESIGN,"Lizzy Gardiner, Tim Chappel","The Adventures of Priscilla, Queen of the Desert",True,1
4685,1994,1995,67,COSTUME DESIGN,Colleen Atwood,Little Women,False,0
4701,1994,1995,67,FILM EDITING,Richard Francis-Bruce,The Shawshank Redemption,False,0
4710,1994,1995,67,MUSIC (Original Score),Hans Zimmer,The Lion King,True,2
4711,1994,1995,67,MUSIC (Original Score),Thomas Newman,Little Women,False,0
4712,1994,1995,67,MUSIC (Original Score),Thomas Newman,The Shawshank Redemption,False,0
4717,1994,1995,67,BEST PICTURE,"Niki Marvin, Producer",The Shawshank Redemption,False,0
4729,1994,1995,67,SOUND,"Robert J. Litt, Elliot Tyson, Michael Herbick, Willie Burton",The Shawshank Redemption,False,0
4735,1994,1995,67,WRITING (Screenplay Based on Material Previously Produced or Published),Frank Darabont,The Shawshank Redemption,False,0
4737,1994,1995,67,WRITING (Screenplay Written Directly for the Screen),"Frances Walsh, Peter Jackson",Heavenly Creatures,False,0
4739,1995,1996,68,ACTOR IN A LEADING ROLE,Nicolas Cage,Leaving Las Vegas,True,1
4740,1995,1996,68,ACTOR IN A LEADING ROLE,Richard Dreyfuss,Mr. Holland's Opus,False,0
4742,1995,1996,68,ACTOR IN A LEADING ROLE,Sean Penn,Dead Man Walking,False,1
4744,1995,1996,68,ACTOR IN A SUPPORTING ROLE,James Cromwell,Babe,False,1
4745,1995,1996,68,ACTOR IN A SUPPORTING ROLE,Ed Harris,Apollo 13,False,2
4746,1995,1996,68,ACTOR IN A SUPPORTING ROLE,Brad Pitt,12 Monkeys,False,0
4748,1995,1996,68,ACTOR IN A SUPPORTING ROLE,Kevin Spacey,The Usual Suspects,True,2
4749,1995,1996,68,ACTRESS IN A LEADING ROLE,Sharon Stone,Casino,False,0
4751,1995,1996,68,ACTRESS IN A LEADING ROLE,Emma Thompson,Sense and Sensibility,False,1
4759,1995,1996,68,CINEMATOGRAPHY,John Toll,Braveheart,True,5
4763,1995,1996,68,COSTUME DESIGN,Julie Weiss,12 Monkeys,False,0
4786,1995,1996,68,MUSIC (Original Musical or Comedy Score),John Williams,Sabrina,False,0
4787,1995,1996,68,MUSIC (Original Musical or Comedy Score),Randy Newman,Toy Story,False,0
4790,1995,1996,68,MUSIC (Original Song),Music by John Williams; Lyric by Alan Bergman and Marilyn Bergman,Sabrina,False,0
4791,1995,1996,68,MUSIC (Original Song),Music and Lyric by Randy Newman,Toy Story,False,0
4793,1995,1996,68,SHORT FILM (Animated),Nick Park,A Close Shave,True,1
4808,1995,1996,68,WRITING (Screenplay Written Directly for the Screen),"Screenplay by Joss Whedon, Andrew Stanton, Joel Cohen, Alec Sokolow;  Story by John Lasseter, Peter Docter, Andrew Stanton, Joe Ranft",Toy Story,False,0
4809,1996,1997,69,ACTOR IN A LEADING ROLE,Tom Cruise,Jerry Maguire,False,1
4810,1996,1997,69,ACTOR IN A LEADING ROLE,Ralph Fiennes,The English Patient,False,9
4811,1996,1997,69,ACTOR IN A LEADING ROLE,Woody Harrelson,The People vs. Larry Flynt,False,0
4812,1996,1997,69,ACTOR IN A LEADING ROLE,Geoffrey Rush,Shine,True,1
4813,1996,1997,69,ACTOR IN A LEADING ROLE,Billy Bob Thornton,Sling Blade,False,1
4814,1996,1997,69,ACTOR IN A SUPPORTING ROLE,William H. Macy,Fargo,False,2
4817,1996,1997,69,ACTRESS IN A LEADING ROLE,Brenda Blethyn,Secrets & Lies,False,0
4819,1996,1997,69,ACTRESS IN A LEADING ROLE,Emily Watson,Breaking the Waves,False,0
4823,1996,1997,69,ACTRESS IN A SUPPORTING ROLE,Marianne Jean-Baptiste,Secrets & Lies,False,0
4826,1996,1997,69,ART DIRECTION,Tim Harvey,Hamlet,False,0
4831,1996,1997,69,COSTUME DESIGN,Ruth Myers,Emma,False,1
4832,1996,1997,69,COSTUME DESIGN,Alex Byrne,Hamlet,False,0
4834,1996,1997,69,DIRECTING,Milos Forman,The People vs. Larry Flynt,False,0
4835,1996,1997,69,DIRECTING,Mike Leigh,Secrets & Lies,False,0
4853,1996,1997,69,MAKEUP,"Michael Westmore, Scott Wheeler, Jake Garber",Star Trek: First Contact,False,0
4854,1996,1997,69,MUSIC (Original Dramatic Score),Patrick Doyle,Hamlet,False,0
4856,1996,1997,69,MUSIC (Original Dramatic Score),John Williams,Sleepers,False,0
4858,1996,1997,69,MUSIC (Original Musical or Comedy Score),Music by Alan Menken; Lyrics by Stephen Schwartz; Orchestral Score by Alan Menken,The Hunchback of Notre Dame,False,0
4864,1996,1997,69,MUSIC (Original Song),Music and Lyric by Adam Schlesinger,That Thing You Do!,False,0
4865,1996,1997,69,BEST PICTURE,"Simon Channing-Williams, Producer",Secrets & Lies,False,0
4875,1996,1997,69,SOUND,"Chris Carpenter, Bill W. Benton, Bob Beemer, Jeff Wexler",Independence Day,False,1
4876,1996,1997,69,SOUND,"Kevin O'Connell, Greg P. Russell, Keith A. Wester",The Rock,False,0
4880,1996,1997,69,SOUND EFFECTS EDITING,Bruce Stambler,The Ghost and the Darkness,True,1
4884,1996,1997,69,WRITING (Screenplay Based on Material Previously Produced or Published),Kenneth Branagh,Hamlet,False,0
4885,1996,1997,69,WRITING (Screenplay Based on Material Previously Produced or Published),John Hodge,Trainspotting,False,0
4886,1996,1997,69,WRITING (Screenplay Written Directly for the Screen),John Sayles,Lone Star,False,0
4887,1996,1997,69,WRITING (Screenplay Written Directly for the Screen),Mike Leigh,Secrets & Lies,False,0
4888,1997,1998,70,ACTOR IN A LEADING ROLE,Matt Damon,Good Will Hunting,False,2
4892,1997,1998,70,ACTOR IN A LEADING ROLE,Jack Nicholson,As Good as It Gets,True,2
4899,1997,1998,70,ACTRESS IN A LEADING ROLE,Kate Winslet,Titanic,False,11
4900,1997,1998,70,ACTRESS IN A SUPPORTING ROLE,Kim Basinger,L.A. Confidential,True,2
4903,1997,1998,70,ART DIRECTION,Art Direction:  Jan Roelfs;  Set Decoration:  Nancy Nye,Gattaca,False,0
4905,1997,1998,70,ART DIRECTION,Art Direction:  Bo Welch;  Set Decoration:  Cheryl Carasik,Men in Black,False,1
4913,1997,1998,70,DIRECTING,Peter Cattaneo,The Full Monty,False,1
4914,1997,1998,70,DIRECTING,Atom Egoyan,The Sweet Hereafter,False,0
4951,1997,1998,70,SOUND,"Randy Thom, Tom Johnson, Dennis Sands, William B. Kaplan",Contact,False,0
4952,1997,1998,70,SOUND EFFECTS EDITING,"Mark P. Stoeckinger, Per Hallberg",Face/Off,False,0
4953,1997,1998,70,SOUND EFFECTS EDITING,Mark Mangini,The Fifth Element,False,0
4956,1997,1998,70,WRITING (Screenplay Based on Material Previously Produced or Published),Paul Attanasio,Donnie Brasco,False,0
4957,1997,1998,70,WRITING (Screenplay Based on Material Previously Produced or Published),Atom Egoyan,The Sweet Hereafter,False,0
4962,1998,1999,71,ACTOR IN A LEADING ROLE,Roberto Benigni,Life Is Beautiful,True,3
4963,1998,1999,71,ACTOR IN A LEADING ROLE,Tom Hanks,Saving Private Ryan,False,5
4964,1998,1999,71,ACTOR IN A LEADING ROLE,Ian McKellen,Gods and Monsters,False,1
4966,1998,1999,71,ACTOR IN A LEADING ROLE,Edward Norton,American History X,False,0
4968,1998,1999,71,ACTOR IN A SUPPORTING ROLE,Ed Harris,The Truman Show,False,0
4969,1998,1999,71,ACTOR IN A SUPPORTING ROLE,Geoffrey Rush,Shakespeare in Love,False,7
4970,1998,1999,71,ACTOR IN A SUPPORTING ROLE,Billy Bob Thornton,A Simple Plan,False,0
4971,1998,1999,71,ACTRESS IN A LEADING ROLE,Cate Blanchett,Elizabeth,False,1
4972,1998,1999,71,ACTRESS IN A LEADING ROLE,Fernanda Montenegro,Central Station,False,0
4978,1998,1999,71,ART DIRECTION,Art Direction:  Jeannine Oppewall;  Set Decoration:  Jay Hart,Pleasantville,False,0
4983,1998,1999,71,COSTUME DESIGN,Judianna Makovsky,Pleasantville,False,0
4986,1998,1999,71,DIRECTING,Peter Weir,The Truman Show,False,0
4995,1998,1999,71,FILM EDITING,Anne V. Coates,Out of Sight,False,0
4997,1998,1999,71,FOREIGN LANGUAGE FILM,Brazil,Central Station,False,0
4998,1998,1999,71,FOREIGN LANGUAGE FILM,Iran,Children of Heaven,False,0
5001,1998,1999,71,MUSIC (Original Dramatic Score),Randy Newman,Pleasantville,False,0
5003,1998,1999,71,MUSIC (Original Musical or Comedy Score),Randy Newman,A Bug's Life,False,0
5029,1998,1999,71,WRITING (Screenplay Based on Material Previously Produced or Published),Scott Frank,Out of Sight,False,0
5031,1998,1999,71,WRITING (Screenplay Based on Material Previously Produced or Published),Scott B. Smith,A Simple Plan,False,0
5034,1998,1999,71,WRITING (Screenplay Written Directly for the Screen),Andrew Niccol,The Truman Show,False,0
5035,1999,2000,72,ACTOR IN A LEADING ROLE,Russell Crowe,The Insider,False,0
5036,1999,2000,72,ACTOR IN A LEADING ROLE,Richard Farnsworth,The Straight Story,False,0
5038,1999,2000,72,ACTOR IN A LEADING ROLE,Kevin Spacey,American Beauty,True,5
5041,1999,2000,72,ACTOR IN A SUPPORTING ROLE,Tom Cruise,Magnolia,False,0
5042,1999,2000,72,ACTOR IN A SUPPORTING ROLE,Michael Clarke Duncan,The Green Mile,False,0
5044,1999,2000,72,ACTOR IN A SUPPORTING ROLE,Haley Joel Osment,The Sixth Sense,False,0
5048,1999,2000,72,ACTRESS IN A LEADING ROLE,Hilary Swank,Boys Don't Cry,True,1
5049,1999,2000,72,ACTRESS IN A SUPPORTING ROLE,Toni Collette,The Sixth Sense,False,0
5051,1999,2000,72,ACTRESS IN A SUPPORTING ROLE,Catherine Keener,Being John Malkovich,False,0
5058,1999,2000,72,CINEMATOGRAPHY,Dante Spinotti,The Insider,False,0
5063,1999,2000,72,DIRECTING,Spike Jonze,Being John Malkovich,False,0
5064,1999,2000,72,DIRECTING,Michael Mann,The Insider,False,0
5065,1999,2000,72,DIRECTING,M. Night Shyamalan,The Sixth Sense,False,0
5074,1999,2000,72,FILM EDITING,"William Goldenberg, Paul Rubell, David Rosenbloom",The Insider,False,0
5075,1999,2000,72,FILM EDITING,Zach Staenberg,The Matrix,True,4
5076,1999,2000,72,FILM EDITING,Andrew Mondshein,The Sixth Sense,False,0
5086,1999,2000,72,MUSIC (Original Score),John Corigliano,The Red Violin,True,1
5088,1999,2000,72,MUSIC (Original Song),Music and Lyric by Trey Parker and Marc Shaiman,"South Park: Bigger, Longer & Uncut",False,0
5090,1999,2000,72,MUSIC (Original Song),Music and Lyric by Aimee Mann,Magnolia,False,0
5091,1999,2000,72,MUSIC (Original Song),Music and Lyric by Randy Newman,Toy Story 2,False,0
5093,1999,2000,72,BEST PICTURE,"David Valdes and Frank Darabont, Producers",The Green Mile,False,0
5094,1999,2000,72,BEST PICTURE,"Michael Mann and Pieter Jan Brugge, Producers",The Insider,False,0
5095,1999,2000,72,BEST PICTURE,"Frank Marshall, Kathleen Kennedy and Barry Mendel, Producers",The Sixth Sense,False,0
5106,1999,2000,72,SOUND,"Robert J. Litt, Elliot Tyson, Michael Herbick, Willie D. Burton",The Green Mile,False,0
5107,1999,2000,72,SOUND,"Andy Nelson, Doug Hemphill, Lee Orloff",The Insider,False,0
5110,1999,2000,72,SOUND EFFECTS EDITING,"Ren Klyce, Richard Hymns",Fight Club,False,0
5114,1999,2000,72,WRITING (Screenplay Based on Material Previously Produced or Published),"Alexander Payne, Jim Taylor",Election,False,0
5115,1999,2000,72,WRITING (Screenplay Based on Material Previously Produced or Published),Frank Darabont,The Green Mile,False,0
5116,1999,2000,72,WRITING (Screenplay Based on Material Previously Produced or Published),"Eric Roth, Michael Mann",The Insider,False,0
5118,1999,2000,72,WRITING (Screenplay Written Directly for the Screen),Charlie Kaufman,Being John Malkovich,False,0
5119,1999,2000,72,WRITING (Screenplay Written Directly for the Screen),Paul Thomas Anderson,Magnolia,False,0
5120,1999,2000,72,WRITING (Screenplay Written Directly for the Screen),M. Night Shyamalan,The Sixth Sense,False,0
5122,2000,2001,73,ACTOR IN A LEADING ROLE,Russell Crowe,Gladiator,True,5
5128,2000,2001,73,ACTOR IN A SUPPORTING ROLE,Benicio Del Toro,Traffic,True,4
5132,2000,2001,73,ACTRESS IN A LEADING ROLE,Ellen Burstyn,Requiem for a Dream,False,0
5133,2000,2001,73,ACTRESS IN A LEADING ROLE,Laura Linney,You Can Count on Me,False,0
5135,2000,2001,73,ACTRESS IN A SUPPORTING ROLE,Kate Hudson,Almost Famous,False,1
5136,2000,2001,73,ACTRESS IN A SUPPORTING ROLE,Julie Walters,Billy Elliot,False,0
5137,2000,2001,73,ART DIRECTION,Tim Yip,"Crouching Tiger, Hidden Dragon",True,4
5142,2000,2001,73,CINEMATOGRAPHY,Roger Deakins,"O Brother, Where Art Thou?",False,0
5146,2000,2001,73,DIRECTING,Stephen Daldry,Billy Elliot,False,0
5168,2000,2001,73,MUSIC (Original Song),Music by Björk; Lyric by Lars von Trier and Sjon Sigurdsson,Dancer in the Dark,False,0
5187,2000,2001,73,WRITING (Screenplay Based on Material Previously Produced or Published),Written by Ethan Coen & Joel Coen,"O Brother, Where Art Thou?",False,0
5188,2000,2001,73,WRITING (Screenplay Written Directly for the Screen),Written by Lee Hall,Billy Elliot,False,0
5189,2000,2001,73,WRITING (Screenplay Written Directly for the Screen),Written by Kenneth Lonergan,You Can Count on Me,False,0
5190,2001,2002,74,ACTOR IN A LEADING ROLE,Russell Crowe,A Beautiful Mind,False,4
5197,2001,2002,74,ACTOR IN A SUPPORTING ROLE,Ian McKellen,The Lord of the Rings: The Fellowship of the Ring,False,4
5206,2001,2002,74,ANIMATED FEATURE FILM,"Pete Docter, John Lasseter","Monsters, Inc.",False,1
5207,2001,2002,74,ANIMATED FEATURE FILM,Aron Warner,Shrek,True,1
5208,2001,2002,74,ART DIRECTION,Art Direction:  Aline Bonetto; Set Decoration:  Marie-Laure Valla,Amélie,False,0
5210,2001,2002,74,CINEMATOGRAPHY,Bruno Delbonnel,Amélie,False,0
5212,2001,2002,74,CINEMATOGRAPHY,Roger Deakins,The Man Who Wasn't There,False,0
5215,2001,2002,74,DIRECTING,David Lynch,Mulholland Drive,False,0
5224,2001,2002,74,FILM EDITING,Dody Dorn,Memento,False,0
5225,2001,2002,74,FOREIGN LANGUAGE FILM,France,Amélie,False,0
5246,2001,2002,74,SOUND,"Vincent Arnardi, Guillaume Leriche, Jean Umansky",Amélie,False,0
5248,2001,2002,74,WRITING (Screenplay Based on Material Previously Produced or Published),Written by Daniel Clowes & Terry Zwigoff,Ghost World,False,0
5250,2001,2002,74,WRITING (Screenplay Written Directly for the Screen),Screenplay by Guillaume Laurant and Jean-Pierre Jeunet; Dialogue by Guillaume Laurant,Amélie,False,0
5251,2001,2002,74,WRITING (Screenplay Written Directly for the Screen),Screenplay by Christopher Nolan; Story by Jonathan Nolan,Memento,False,0
5253,2002,2003,75,ACTOR IN A LEADING ROLE,Adrien Brody,The Pianist,True,3
5259,2002,2003,75,ACTOR IN A SUPPORTING ROLE,Paul Newman,Road to Perdition,False,1
5261,2002,2003,75,ACTOR IN A SUPPORTING ROLE,Christopher Walken,Catch Me If You Can,False,0
5269,2002,2003,75,ANIMATED FEATURE FILM,Hayao Miyazaki,Spirited Away,True,1
5272,2002,2003,75,ART DIRECTION,Art Direction:  Grant Major; Set Decoration:  Dan Hennah and Alan Lee,The Lord of the Rings: The Two Towers,False,2
5277,2002,2003,75,DIRECTING,Pedro Almodóvar,Talk to Her,False,1
5289,2002,2003,75,FOREIGN LANGUAGE FILM,People's Republic of China,Hero,False,0
5294,2002,2003,75,MUSIC (Original Score),John Williams,Catch Me If You Can,False,0
5312,2002,2003,75,SOUND EDITING,"Richard Hymns, Gary Rydstrom",Minority Report,False,0
5320,2003,2004,76,ACTOR IN A LEADING ROLE,Johnny Depp,Pirates of the Caribbean: The Curse of the Black Pearl,False,0
5323,2003,2004,76,ACTOR IN A LEADING ROLE,Bill Murray,Lost in Translation,False,1
5324,2003,2004,76,ACTOR IN A LEADING ROLE,Sean Penn,Mystic River,True,2
5326,2003,2004,76,ACTOR IN A SUPPORTING ROLE,Benicio Del Toro,21 Grams,False,0
5327,2003,2004,76,ACTOR IN A SUPPORTING ROLE,Djimon Hounsou,In America,False,0
5328,2003,2004,76,ACTOR IN A SUPPORTING ROLE,Ken Watanabe,The Last Samurai,False,0
5329,2003,2004,76,ACTRESS IN A LEADING ROLE,Keisha Castle-Hughes,Whale Rider,False,0
5331,2003,2004,76,ACTRESS IN A LEADING ROLE,Samantha Morton,In America,False,0
5333,2003,2004,76,ACTRESS IN A LEADING ROLE,Naomi Watts,21 Grams,False,0
5338,2003,2004,76,ANIMATED FEATURE FILM,Andrew Stanton,Finding Nemo,True,1
5341,2003,2004,76,ART DIRECTION,Art Direction: Lilly Kilvert; Set Decoration: Gretchen Rau,The Last Samurai,False,0
5342,2003,2004,76,ART DIRECTION,Art Direction: Grant Major; Set Decoration: Dan Hennah and Alan Lee,The Lord of the Rings: The Return of the King,True,11
5345,2003,2004,76,CINEMATOGRAPHY,Cesar Charlone,City of God,False,0
5349,2003,2004,76,COSTUME DESIGN,Ngila Dickson,The Last Samurai,False,0
5351,2003,2004,76,DIRECTING,Fernando Meirelles,City of God,False,0
5360,2003,2004,76,FILM EDITING,Daniel Rezende,City of God,False,0
5367,2003,2004,76,MAKEUP,Ve Neill and Martin Samuel,Pirates of the Caribbean: The Curse of the Black Pearl,False,0
5368,2003,2004,76,MUSIC (Original Score),Danny Elfman,Big Fish,False,0
5383,2003,2004,76,SOUND EDITING,Christopher Boyes and George Watters II,Pirates of the Caribbean: The Curse of the Black Pearl,False,0
5384,2003,2004,76,SOUND MIXING,"Andy Nelson, Anna Behlmer and Jeff Wexler",The Last Samurai,False,0
5385,2003,2004,76,SOUND MIXING,"Christopher Boyes, David Parker, David Campbell and Lee Orloff",Pirates of the Caribbean: The Curse of the Black Pearl,False,0
5387,2003,2004,76,VISUAL EFFECTS,"John Knoll, Hal Hickel, Charles Gibson and Terry Frazee",Pirates of the Caribbean: The Curse of the Black Pearl,False,0
5389,2003,2004,76,WRITING (Adapted Screenplay),Screenplay by Braulio Mantovani,City of God,False,0
5392,2003,2004,76,WRITING (Original Screenplay),Written by Jim Sheridan & Naomi Sheridan & Kirsten Sheridan,In America,False,0
5393,2004,2005,77,ACTOR IN A LEADING ROLE,Don Cheadle,Hotel Rwanda,False,0
5394,2004,2005,77,ACTOR IN A LEADING ROLE,Johnny Depp,Finding Neverland,False,1
5396,2004,2005,77,ACTOR IN A LEADING ROLE,Clint Eastwood,Million Dollar Baby,False,4
5398,2004,2005,77,ACTOR IN A SUPPORTING ROLE,Thomas Haden Church,Sideways,False,1
5404,2004,2005,77,ACTRESS IN A LEADING ROLE,Kate Winslet,Eternal Sunshine of the Spotless Mind,False,1
5406,2004,2005,77,ACTRESS IN A SUPPORTING ROLE,Sophie Okonedo,Hotel Rwanda,False,0
5408,2004,2005,77,ANIMATED FEATURE FILM,Brad Bird,The Incredibles,True,2
5433,2004,2005,77,FOREIGN LANGUAGE FILM,Germany,Downfall,False,0
5434,2004,2005,77,FOREIGN LANGUAGE FILM,Spain,The Sea Inside,True,1
5460,2004,2005,77,WRITING (Adapted Screenplay),Screenplay by Richard Linklater & Julie Delpy & Ethan Hawke; Story by Richard Linklater & Kim Krizan,Before Sunset,False,0
5461,2004,2005,77,WRITING (Original Screenplay),Written by Keir Pearson & Terry George,Hotel Rwanda,False,0
5466,2005,2006,78,ACTOR IN A LEADING ROLE,Joaquin Phoenix,Walk the Line,False,1
5469,2005,2006,78,ACTOR IN A SUPPORTING ROLE,Matt Dillon,Crash,False,3
5470,2005,2006,78,ACTOR IN A SUPPORTING ROLE,Paul Giamatti,Cinderella Man,False,0
5479,2005,2006,78,ANIMATED FEATURE FILM,Hayao Miyazaki,Howl's Moving Castle,False,0
5484,2005,2006,78,ART DIRECTION,Art Direction:  Grant Major; Set Decoration:  Dan Hennah and Simon Bright,King Kong,False,3
5487,2005,2006,78,CINEMATOGRAPHY,Wally Pfister,Batman Begins,False,0
5504,2005,2006,78,FILM EDITING,Mike Hill and Dan Hanley,Cinderella Man,False,0
5512,2005,2006,78,MAKEUP,David Leroy Anderson and Lance Anderson,Cinderella Man,False,0
5537,2006,2007,79,ACTOR IN A LEADING ROLE,Leonardo DiCaprio,Blood Diamond,False,0
5542,2006,2007,79,ACTOR IN A SUPPORTING ROLE,Alan Arkin,Little Miss Sunshine,True,2
5544,2006,2007,79,ACTOR IN A SUPPORTING ROLE,Djimon Hounsou,Blood Diamond,False,0
5546,2006,2007,79,ACTOR IN A SUPPORTING ROLE,Mark Wahlberg,The Departed,False,4
5558,2006,2007,79,ART DIRECTION,Art Direction:  Eugenio Caballero; Set Decoration:  Pilar Revuelta,Pan's Labyrinth,True,3
5560,2006,2007,79,ART DIRECTION,Art Direction:  Nathan Crowley; Set Decoration:  Julie Ochipinti,The Prestige,False,0
5562,2006,2007,79,CINEMATOGRAPHY,Emmanuel Lubezki,Children of Men,False,0
5564,2006,2007,79,CINEMATOGRAPHY,Wally Pfister,The Prestige,False,0
5568,2006,2007,79,DIRECTING,Clint Eastwood,Letters from Iwo Jima,False,1
5569,2006,2007,79,DIRECTING,Paul Greengrass,United 93,False,0
5579,2006,2007,79,FILM EDITING,Steven Rosenblum,Blood Diamond,False,0
5580,2006,2007,79,FILM EDITING,Alex Rodríguez and Alfonso Cuarón,Children of Men,False,0
5581,2006,2007,79,FILM EDITING,"Clare Douglas, Christopher Rouse and Richard Pearson",United 93,False,0
5584,2006,2007,79,FOREIGN LANGUAGE FILM,Germany,The Lives of Others,True,1
5602,2006,2007,79,SOUND EDITING,Lon Bender,Blood Diamond,False,0
5605,2006,2007,79,SOUND MIXING,"Andy Nelson, Anna Behlmer and Ivan Sharrock",Blood Diamond,False,0
5610,2006,2007,79,WRITING (Adapted Screenplay),Screenplay by Alfonso Cuarón & Timothy J. Sexton and David Arata and Mark Fergus & Hawk Ostby,Children of Men,False,0
5614,2007,2008,80,ACTOR IN A LEADING ROLE,Daniel Day-Lewis,There Will Be Blood,True,2
5619,2007,2008,80,ACTOR IN A SUPPORTING ROLE,Javier Bardem,No Country for Old Men,True,4
5621,2007,2008,80,ACTOR IN A SUPPORTING ROLE,Hal Holbrook,Into the Wild,False,0
5626,2007,2008,80,ACTRESS IN A LEADING ROLE,Ellen Page,Juno,False,1
5628,2007,2008,80,ACTRESS IN A SUPPORTING ROLE,Ruby Dee,American Gangster,False,0
5629,2007,2008,80,ACTRESS IN A SUPPORTING ROLE,Saoirse Ronan,Atonement,False,1
5632,2007,2008,80,ANIMATED FEATURE FILM,Brad Bird,Ratatouille,True,1
5634,2007,2008,80,ART DIRECTION,Art Direction: Arthur Max; Set Decoration: Beth A. Rubino,American Gangster,False,0
5637,2007,2008,80,CINEMATOGRAPHY,Janusz Kaminski,The Diving Bell and the Butterfly,False,0
5639,2007,2008,80,DIRECTING,Julian Schnabel,The Diving Bell and the Butterfly,False,0
5649,2007,2008,80,FILM EDITING,Christopher Rouse,The Bourne Ultimatum,True,3
5650,2007,2008,80,FILM EDITING,Juliette Welfling,The Diving Bell and the Butterfly,False,0
5651,2007,2008,80,FILM EDITING,Jay Cassidy,Into the Wild,False,0
5660,2007,2008,80,MUSIC (Original Score),Marco Beltrami,3:10 to Yuma,False,0
5677,2007,2008,80,SOUND MIXING,"Paul Massey, David Giammarco and Jim Stuebe",3:10 to Yuma,False,0
5682,2007,2008,80,WRITING (Adapted Screenplay),Screenplay by Ronald Harwood,The Diving Bell and the Butterfly,False,0
5687,2008,2009,81,ACTOR IN A LEADING ROLE,Sean Penn,Milk,True,2
5688,2008,2009,81,ACTOR IN A LEADING ROLE,Brad Pitt,The Curious Case of Benjamin Button,False,3
5689,2008,2009,81,ACTOR IN A LEADING ROLE,Mickey Rourke,The Wrestler,False,0
5692,2008,2009,81,ACTOR IN A SUPPORTING ROLE,Heath Ledger,The Dark Knight,True,2
5695,2008,2009,81,ACTRESS IN A LEADING ROLE,Angelina Jolie,Changeling,False,0
5702,2008,2009,81,ACTRESS IN A SUPPORTING ROLE,Marisa Tomei,The Wrestler,False,0
5706,2008,2009,81,ART DIRECTION,Art Direction: James J. Murakami; Set Decoration: Gary Fettis,Changeling,False,0
5709,2008,2009,81,CINEMATOGRAPHY,Tom Stern,Changeling,False,0
5710,2008,2009,81,CINEMATOGRAPHY,Anthony Dod Mantle,Slumdog Millionaire,True,8
5726,2008,2009,81,FOREIGN LANGUAGE FILM,Japan,Departures,True,1
5750,2008,2009,81,WRITING (Original Screenplay),Written by Martin McDonagh,In Bruges,False,0
5760,2009,2010,82,ACTOR IN A SUPPORTING ROLE,Christoph Waltz,Inglourious Basterds,True,1
5773,2009,2010,82,ANIMATED FEATURE FILM,Pete Docter,Up,True,2
5774,2009,2010,82,ART DIRECTION,Production Design: Rick Carter and Robert Stromberg; Set Decoration: Kim Sinclair,Avatar,True,3
5796,2009,2010,82,FILM EDITING,Julian Clarke,District 9,False,0
5800,2009,2010,82,FOREIGN LANGUAGE FILM,Argentina,The Secret in Their Eyes,True,1
5803,2009,2010,82,MAKEUP,"Barney Burman, Mindy Hall and Joel Harlow",Star Trek,True,1
5810,2009,2010,82,BEST PICTURE,"Peter Jackson and Carolynne Cunningham, Producers",District 9,False,0
5825,2009,2010,82,VISUAL EFFECTS,"Dan Kaufman, Peter Muyzers, Robert Habros and Matt Aitken",District 9,False,0
5826,2009,2010,82,WRITING (Adapted Screenplay),Written by Neill Blomkamp and Terri Tatchell,District 9,False,0
5833,2010,2011,83,ACTOR IN A LEADING ROLE,Jeff Bridges,True Grit,False,0
5834,2010,2011,83,ACTOR IN A LEADING ROLE,Jesse Eisenberg,The Social Network,False,3
5835,2010,2011,83,ACTOR IN A LEADING ROLE,Colin Firth,The King's Speech,True,4
5844,2010,2011,83,ACTRESS IN A LEADING ROLE,Natalie Portman,Black Swan,True,1
5846,2010,2011,83,ACTRESS IN A SUPPORTING ROLE,Hailee Steinfeld,True Grit,False,0
5848,2010,2011,83,ANIMATED FEATURE FILM,Chris Sanders and Dean DeBlois,How to Train Your Dragon,False,0
5850,2010,2011,83,ANIMATED FEATURE FILM,Lee Unkrich,Toy Story 3,True,2
5853,2010,2011,83,ART DIRECTION,Production Design: Guy Hendrix Dyas; Set Decoration: Larry Dias and Doug Mowat,Inception,False,4
5854,2010,2011,83,ART DIRECTION,Production Design: Jess Gonchor; Set Decoration: Nancy Haigh,True Grit,False,0
5855,2010,2011,83,CINEMATOGRAPHY,Roger Deakins,True Grit,False,0
5858,2010,2011,83,COSTUME DESIGN,Mary Zophres,True Grit,False,0
5859,2010,2011,83,DIRECTING,Joel Coen and Ethan Coen,True Grit,False,0
5874,2010,2011,83,FOREIGN LANGUAGE FILM,Canada,Incendies,False,0
5879,2010,2011,83,MUSIC (Original Score),John Powell,How to Train Your Dragon,False,0
5886,2010,2011,83,BEST PICTURE,"Scott Rudin, Ethan Coen and Joel Coen, Producers",True Grit,False,0
5899,2010,2011,83,SOUND EDITING,Skip Lievsay and Craig Berkey,True Grit,False,0
5902,2010,2011,83,SOUND MIXING,"Skip Lievsay, Craig Berkey, Greg Orloff and Peter F. Kurland",True Grit,False,0
5907,2010,2011,83,WRITING (Adapted Screenplay),Written for the screen by Joel Coen & Ethan Coen,True Grit,False,0
5913,2011,2012,84,ACTOR IN A LEADING ROLE,Jean Dujardin,The Artist,True,5
5918,2011,2012,84,ACTOR IN A SUPPORTING ROLE,Nick Nolte,Warrior,False,0
5922,2011,2012,84,ACTRESS IN A LEADING ROLE,Viola Davis,The Help,False,1
5934,2011,2012,84,ART DIRECTION,Production Design: Dante Ferretti; Set Decoration: Francesca Lo Schiavo,Hugo,True,5
5958,2011,2012,84,FOREIGN LANGUAGE FILM,Iran,A Separation,True,1
5980,2011,2012,84,SOUND EDITING,Lon Bender and Victor Ray Ennis,Drive,False,0
6000,2012,2013,85,ACTOR IN A SUPPORTING ROLE,Alan Arkin,Argo,False,3
6002,2012,2013,85,ACTOR IN A SUPPORTING ROLE,Christoph Waltz,Django Unchained,True,2
6015,2012,2013,85,CINEMATOGRAPHY,Claudio Miranda,Life of Pi,True,4
6035,2012,2013,85,MAKEUP AND HAIRSTYLING,"Peter Swords King, Rick Findlater and Tami Lane",The Hobbit: An Unexpected Journey,False,0
6039,2012,2013,85,PRODUCTION DESIGN,Production Design: Dan Hennah; Set Decoration: Ra Vincent and Simon Bright,The Hobbit: An Unexpected Journey,False,0
6050,2012,2013,85,VISUAL EFFECTS,"Joe Letteri, Eric Saindon, David Clayton and R. Christopher White",The Hobbit: An Unexpected Journey,False,0
6059,2013,2014,86,ACTOR IN A LEADING ROLE,Leonardo DiCaprio,The Wolf of Wall Street,False,0
6060,2013,2014,86,ACTOR IN A LEADING ROLE,Chiwetel Ejiofor,12 Years a Slave,False,3
6064,2013,2014,86,ACTOR IN A SUPPORTING ROLE,Jonah Hill,The Wolf of Wall Street,False,0
6067,2013,2014,86,ACTRESS IN A LEADING ROLE,Sandra Bullock,Gravity,False,7
6081,2013,2014,86,CINEMATOGRAPHY,Roger A. Deakins,Prisoners,False,0
6088,2013,2014,86,DIRECTING,Martin Scorsese,The Wolf of Wall Street,False,0
6103,2013,2014,86,FOREIGN LANGUAGE FILM,Denmark,The Hunt,False,0
6119,2013,2014,86,BEST PICTURE,"Martin Scorsese, Leonardo DiCaprio, Joey McFarland and Emma Tillinger Koskoff, Producers",The Wolf of Wall Street,False,0
6133,2013,2014,86,SOUND EDITING,Brent Burge and Chris Ward,The Hobbit: The Desolation of Smaug,False,0
6136,2013,2014,86,SOUND MIXING,"Christopher Boyes, Michael Hedges, Michael Semanick and Tony Johnson",The Hobbit: The Desolation of Smaug,False,0
6139,2013,2014,86,VISUAL EFFECTS,"Joe Letteri, Eric Saindon, David Clayton and Eric Reynolds",The Hobbit: The Desolation of Smaug,False,0
6143,2013,2014,86,WRITING (Adapted Screenplay),"Written by Richard Linklater, Julie Delpy, Ethan Hawke",Before Midnight,False,0
6146,2013,2014,86,WRITING (Adapted Screenplay),Screenplay by Terence Winter,The Wolf of Wall Street,False,0
6151,2014,2015,87,ACTOR IN A LEADING ROLE,Benedict Cumberbatch,The Imitation Game,False,1
6155,2014,2015,87,ACTOR IN A SUPPORTING ROLE,Ethan Hawke,Boyhood,False,1
6157,2014,2015,87,ACTOR IN A SUPPORTING ROLE,J.K. Simmons,Whiplash,True,3
6160,2014,2015,87,ACTRESS IN A LEADING ROLE,Rosamund Pike,Gone Girl,False,0
6169,2014,2015,87,CINEMATOGRAPHY,Robert Yeoman,The Grand Budapest Hotel,False,4
6189,2014,2015,87,FOREIGN LANGUAGE FILM,Estonia,Tangerines,False,0
6191,2014,2015,87,FOREIGN LANGUAGE FILM,Argentina,Wild Tales,False,0
6193,2014,2015,87,MAKEUP AND HAIRSTYLING,Elizabeth Yianni-Georgiou and David White,Guardians of the Galaxy,False,0
6194,2014,2015,87,MUSIC (Original Score),Hans Zimmer,Interstellar,False,1
6218,2014,2015,87,VISUAL EFFECTS,"Stephane Ceretti, Nicolas Aithadi, Jonathan Fawkner and Paul Corbould",Guardians of the Galaxy,False,0
6219,2014,2015,87,VISUAL EFFECTS,"Richard Stammers, Lou Pecora, Tim Crosbie and Cameron Waldbauer",X-Men: Days of Future Past,False,0
6224,2015,2016,88,ACTOR IN A LEADING ROLE,Matt Damon,The Martian,False,0
6229,2015,2016,88,ACTOR IN A SUPPORTING ROLE,Mark Ruffalo,Spotlight,False,2
6231,2015,2016,88,ACTOR IN A SUPPORTING ROLE,Sylvester Stallone,Creed,False,0
6233,2015,2016,88,ACTRESS IN A LEADING ROLE,Brie Larson,Room,True,1
6242,2015,2016,88,ANIMATED FEATURE FILM,Pete Docter and Jonas Rivera,Inside Out,True,1
6246,2015,2016,88,CINEMATOGRAPHY,John Seale,Mad Max: Fury Road,False,6
6276,2015,2016,88,BEST PICTURE,"Simon Kinberg, Ridley Scott, Michael Schaefer and Mark Huffam, Producers",The Martian,False,0
6277,2015,2016,88,PRODUCTION DESIGN,Production Design: Arthur Max; Set Decoration: Celia Bobak,The Martian,False,0
6288,2015,2016,88,SOUND EDITING,Oliver Tarney,The Martian,False,0
6291,2015,2016,88,SOUND MIXING,"Paul Massey, Mark Taylor and Mac Ruth",The Martian,False,0
6294,2015,2016,88,VISUAL EFFECTS,"Richard Stammers, Anders Langlands, Chris Lawrence and Steven Warner",The Martian,False,0
6298,2015,2016,88,WRITING (Adapted Screenplay),Screenplay by Drew Goddard,The Martian,False,0
6301,2016,2017,89,ACTOR IN A LEADING ROLE,Andrew Garfield,Hacksaw Ridge,False,2
6302,2016,2017,89,ACTOR IN A LEADING ROLE,Ryan Gosling,La La Land,False,6
6319,2016,2017,89,ANIMATED FEATURE FILM,"Byron Howard, Rich Moore and Clark Spencer",Zootopia,True,1
6320,2016,2017,89,CINEMATOGRAPHY,Bradford Young,Arrival,False,1
6369,2016,2017,89,SOUND MIXING,"David Parker, Christopher Scarabosio and Stuart Wilson",Rogue One: A Star Wars Story,False,0
6373,2016,2017,89,VISUAL EFFECTS,"Robert Legato, Adam Valdez, Andrew R. Jones and Dan Lemmon",The Jungle Book,True,1
6375,2016,2017,89,VISUAL EFFECTS,"John Knoll, Mohen Leo, Hal Hickel and Neil Corbould",Rogue One: A Star Wars Story,False,0
6397,2017,2018,90,ANIMATED FEATURE FILM,Lee Unkrich and Darla K. Anderson,Coco,True,2
6400,2017,2018,90,CINEMATOGRAPHY,Roger A. Deakins,Blade Runner 2049,True,2
6401,2017,2018,90,CINEMATOGRAPHY,Hoyte van Hoytema,Dunkirk,False,3
6403,2017,2018,90,COSTUME DESIGN,Jacqueline Durran,Beauty and the Beast,False,0
6430,2017,2018,90,PRODUCTION DESIGN,Production Design: Sarah Greenwood; Set Decoration: Katie Spencer,Beauty and the Beast,False,0
6450,2017,2018,90,WRITING (Adapted Screenplay),Screenplay by Scott Frank & James Mangold and Michael Green; Story by James Mangold,Logan,False,0
6458,2018,2019,91,ACTOR IN A LEADING ROLE,Rami Malek,Bohemian Rhapsody,True,4
6459,2018,2019,91,ACTOR IN A LEADING ROLE,Viggo Mortensen,Green Book,False,3
6462,2018,2019,91,ACTRESS IN A LEADING ROLE,Yalitza Aparicio,Roma,False,3
6471,2018,2019,91,ANIMATED FEATURE FILM,"Bob Persichetti, Peter Ramsey, Rodney Rothman, Phil Lord and Christopher Miller",Spider-Man: Into the Spider-Verse,True,1
6489,2018,2019,91,FOREIGN LANGUAGE FILM,Lebanon,Capernaum,False,0
6513,2018,2019,91,VISUAL EFFECTS,"Dan DeLeeuw, Kelly Port, Russell Earl and Dan Sudick",Avengers: Infinity War,False,0
6522,2019,2020,92,ACTOR IN A LEADING ROLE,Adam Driver,Marriage Story,False,1
6523,2019,2020,92,ACTOR IN A LEADING ROLE,Joaquin Phoenix,Joker,True,2
6527,2019,2020,92,ACTOR IN A SUPPORTING ROLE,Al Pacino,The Irishman,False,0
6528,2019,2020,92,ACTOR IN A SUPPORTING ROLE,Joe Pesci,The Irishman,False,0
6530,2019,2020,92,ACTRESS IN A LEADING ROLE,Saoirse Ronan,Little Women,False,1
6537,2019,2020,92,ANIMATED FEATURE FILM,"Sergio Pablos, Jinko Gotoh and Marisa Román",Klaus,False,0
6540,2019,2020,92,CINEMATOGRAPHY,Rodrigo Prieto,The Irishman,False,0
6542,2019,2020,92,CINEMATOGRAPHY,Roger Deakins,1917,True,3
6543,2019,2020,92,COSTUME DESIGN,Sandy Powell and Christopher Peterson,The Irishman,False,0
6544,2019,2020,92,DIRECTING,Martin Scorsese,The Irishman,False,0
6545,2019,2020,92,DIRECTING,Bong Joon Ho,Parasite,True,4
6556,2019,2020,92,FILM EDITING,Michael McCusker and Andrew Buckland,Ford v Ferrari,True,2
6557,2019,2020,92,FILM EDITING,Thelma Schoonmaker,The Irishman,False,0
6568,2019,2020,92,BEST PICTURE,"Martin Scorsese, Robert De Niro, Jane Rosenthal and Emma Tillinger Koskoff, Producers",The Irishman,False,0
6569,2019,2020,92,PRODUCTION DESIGN,Production Design: Bob Shaw; Set Decoration: Regina Graves,The Irishman,False,0
6582,2019,2020,92,VISUAL EFFECTS,"Dan DeLeeuw, Russell Earl, Matt Aitken and Dan Sudick",Avengers: Endgame,False,0
6583,2019,2020,92,VISUAL EFFECTS,"Pablo Helman, Leandro Estebecorena, Nelson Sepulveda-Fauser and Stephane Grabli",The Irishman,False,0
6584,2019,2020,92,VISUAL EFFECTS,"Robert Legato, Adam Valdez, Andrew R. Jones and Elliot Newman",The Lion King,False,0
6586,2019,2020,92,WRITING (Adapted Screenplay),Screenplay by Steven Zaillian,The Irishman,False,0
